"id","pokemon_ability_id","effect","language","short_effect"
200,101,"Attacken von Pokémon mit dieser Fähigkeit die eine Stärke von 60 oder weniger haben werden um 50% verstärkt.

Das schließt Attacken mit variabler Stärke, wie hidden power oder magnitude, mit ein, wenn ihre Stärke 60 oder weniger ist. Der Stärke Bonus von helping hand wird miteinberechnet, genauso wie der von defense curl für rollout.",de,Versärkt Attacken mit einer Basisstärke von 60 oder weniger um 50%.
207,101,"This Pokémon's moves have 1.5× their power if their base power is 60 or less.

This includes moves of variable power, such as hidden power and magnitude, when their power is 60 or less.  helping hand's power boost is taken into account for any move, as is defense curl's power boost for rollout.",en,Strengthens moves of 60 base power or less to 1.5× their power.
204,102,"Pokémon mit dieser Fähigkeit können während starkem Sonnenlicht keine major status ailments erleiden.

Die Fähigkeit heilt keine major status ailments. rest schlägt fehl während die Fähigkeit aktiv ist. yawn schlägt sofort fehl wenn es während starkem Sonnenlicht gegen ein Pokémon mit dieser Fähigkeit benutzt wird und ein bereits eingesetzter yawn schlägt fehl, wenn sich das weather zu starkem Sonnenlicht ändert.",de,Schützt vor major status ailments während starkem Sonnenlicht.
209,102,"This Pokémon cannot be given a major status ailment during strong sunlight.

This ability does not heal prior status ailments.  rest will fail altogether with this ability in effect.  yawn will immediately fail if used on this Pokémon during strong sunlight, and an already-used Yawn will fail if the weather turns to strong sunlight in the meantime.",en,Protects against major status ailments during strong sunlight.
212,103,"Pokémon mit dieser Fähigkeit können im Kampf keine getragenen Items benutzen und diese haben auch keine passiven Effekte im Kampf, egal ob positiv oder negativ. Das Pokémon kann fling nicht einsetzen.

Der speed Malus einer iron ball und die EV Items (macho brace, power weight, power bracer, power belt, power lens, power band und power anklet) sind nicht betroffen. Items die den Kampf nicht direkt beeinflussen, wie der exp share, das amulet coin oder die soothe bell, funktionieren normal. Alle getragenen Items funktionieren normal außerhalb von Kämpfen.

Andere Attacken die getragene Items verwenden, wie z.B. natural gift und switcheroo, funktionieren ebenfalls normal.",de,"Verhindert, dass das Pokémon ein getragenes Item im Kampf einsetzt."
205,103,"In battle, this Pokémon cannot use its held item, nor will the item have any passive effect on the battle, positive or negative.  This Pokémon also cannot use fling.

The Speed cut from the iron ball and the effort items (the macho brace, power weight, power bracer, power belt, power lens, power band, and power anklet) is unaffected.  Items that do not directly affect the battle, such as the exp share, the amulet coin, or the soothe bell, work as usual.  All held items work as usual out of battle.

Other moves that use the held item, such as natural gift and switcheroo, work as usual.",en,Prevents the Pokémon from using its held item in battle.
206,104,"Die Attacken von Pokémon mit dieser Fähigkeit ignorieren Fähigkeiten, die die Attacke am Funktionieren hindern oder ihre Effekte beeinflussen.

Beispiel: Die Attacken ignorieren Fähigkeiten die sie komplett verhindern würden, wie water absorb, Fähigkeiten die einen der Effekte verhindern würden, wie z.B. clear body, shell armor oder sticky hold und Fähigkeiten die einen generellen schützenden Vorteil brächten, wie simple, snow cloak oder thick fat. Wenn eine Fähigkeit die Attacke behindern oder ihr helfen würde, wie dry skin oder unaware, wird sie ebenfalls ignoriert.

Fähigkeiten die dieser Beschreibung nicht entsprechen, selbst wenn sie eine Attacke behindern könnten, werden nicht verhindert. Zum Beispiel beeinflusst cursed body nur mögliche zukünftige Anwendungen der Attacke, während liquid ooze und shadow tag nur den Effekt der Attacke auf den Anwender verhindern. Die Attacke kann keine Typ- oder Form-Änderungen verhindern die durch Fähigkeiten ausgelöst werden, zum Beispiel color change oder forecast, genauso wie Effekte die von Fähigkeiten verursacht wurden aber nicht mehr an die Fähigkeit gebunden sind, so wie der rain von drizzle. Die Fähigkeit kann multitype nicht verhindern.

Eine Fähigkeit die von dieser Fähigkeit ignoriert wird, wird nur überbrückt, während die Attacke eingesetzt wird. Beispiel: Die Attacken von Pokémon mit dieser Fähigkeit können ein Pokémon mit limber paralysieren aber limber wird sich aktivieren und die Paralyse direkt danach heilen. Außerdem werden die Stacheln dieses Pokémons nicht von dieser Fähigkeit beeinflusst, nachdem sie platziert wurden.

Wenn ein Pokémon mit dieser Fähigkeit den Kampf betritt, werden alle Trainer über diese Fähigkeit benachrichtigt.

Die Fähigkeit ist identisch mit teravolt und turboblaze.",de,"Umgeht die gegnerische Fähigkeit, wenn sie eine Attacke verhindern kann."
213,104,"This Pokémon's moves completely ignore abilities that could hinder or prevent their effect on the target.

For example, this Pokémon's moves ignore abilities that would fully negate them, such as water absorb; abilities that would prevent any of their effects, such as clear body, shell armor, or sticky hold; and abilities that grant any general protective benefit, such as simple, snow cloak, or thick fat.  If an ability could either hinder or help this Pokémon's moves, e.g. dry skin or unaware, the ability is ignored either way.

Abilities that do not fit this description, even if they could hinder moves in some other way, are not affected.  For example, cursed body only affects potential future uses of the move, while liquid ooze and shadow tag can only hinder a move's effect on the user.  This ablity cannot ignore type or form changes granted by abilities, for example color change or forecast; nor effects that were caused by abilities but are no longer tied to an ability, such as the rain from drizzle.  This ability cannot ignore multitype at all.

An ability ignored by this ability is only nullified while the move is being used.  For example, this Pokémon's moves can paralyze a Pokémon with limber, but Limber will activate and heal the paralysis immediately thereafter, and this Pokémon's spikes are not affected by this ability after they have been placed.

When this Pokémon enters battle, all participating trainers are notified that it has this ability.

This ability functions identically to teravolt and turboblaze.",en,Bypasses targets' abilities if they could hinder or prevent a move.
208,105,Die kritische Trefferrate von Attacken von Pokémon mit dieser Fähigkeit sind eine Stufe höher als normal.,de,Erhöht die kritische Trefferrate um 1 Stufe.
217,105,This Pokémon's moves have critical hit rates one stage higher than normal.,en,Raises moves' critical hit rates one stage.
210,106,"Wenn ein Pokémon mit dieser Fähigkeit von einer Attacke mit Kontakt besiegt wird, erleidet der Anwender 1/4 seiner maximalen hp Schaden.",de,"Schadet dem Angreifer mit 1/4 seiner max hp, wenn das Pokémon von einer Attacke mit Kontakt besiegt wird."
219,106,"When this Pokémon is knocked out by a move that makes contact, the move's user takes 1/4 its maximum HP in damage.",en,Damages the attacker for 1/4 its max HP when knocked out by a contact move.
211,107,"Wenn ein Pokémon mit dieser Fähigkeit den Kampf betritt und ein Gegner eine Attacke hat die super effective gegen das Pokémon ist, self destruct, explosion oder eine K.O.-Attacke hat, werden alle Trainer darüber benachrichtigt.

Die Attacke selbst wird nicht angekündigt, nur ihre Anwesenheit. Attacken die typenlosen Schaden verursachen, wie future sight und Attacken mit variablen Typ, wie hidden power, werden nach ihrem angezeigten Typ gezählt. counter, metal burst, mirror coat und K.O.-Attacken gegen die das Pokémon immun ist werden nicht gezählt.",de,"Benachrichtigt alle Trainer im Kampf, wenn ein Gegner eine sehr effektive Attacke, self destruct, explosion oder eine K.O.Attacke hat."
218,107,"When this Pokémon enters battle, if one of its opponents has a move that is super effective against it, self destruct, explosion, or a one-hit knockout move, all participating trainers are notified.

The move itself is not revealed; only that there is such a move.  Moves that inflict typeless damage, such as future sight, and moves of variable type, such as hidden power, count as their listed types.  counter, metal burst, mirror coat, and one-hit KO moves to which this Pokémon is immune do not trigger this ability.",en,"Notifies all trainers upon entering battle if an opponent has a super-effective move, self destruct, explosion, or a one-hit KO move."
214,108,"Wenn ein Pokémon mit dieser Fähigkeit den Kampf betritt, wird die Attacke mit der höchsten Basisstärke eines der Gegner an alle Trainer angekündigt.

Wenn es mehrere gleichstarke Attacken gibt, wird eine zufällige gewählt.

Attacken ohne angezeigt Basisstärke werden wie folgt behandelt:

Stärke | Attacken
 ----: | -----
   160 | K.O.-Attacken: fissure, guillotine, horn drill und sheer cold
   120 | Konter-Attacken: counter, metal burst und mirror coat
    80 | Variable Stärke oder fester Schaden: crush grip, dragon rage, electro ball, endeavor, final gambit, flail, frustration, grass knot, gyro ball, heat crash, heavy slam, hidden power, low kick, natural gift, night shade, psywave, return, reversal, seismic toss, sonic boom, trump card und wring out
     0 | Jede andere Attacke
",de,Enthüllt die Stärkste Attacke des Gegners beim Betreten des Kampfes.
222,108,"When this Pokémon enters battle, it reveals the move with the highest base power known by any opposing Pokémon to all participating trainers.

In the event of a tie, one is chosen at random.

Moves without a listed base power are assigned one as follows:

Power | Moves
----: | -----
  160 | One-hit KO moves: fissure, guillotine, horn drill, and sheer cold
  120 | Counter moves: counter, metal burst, and mirror coat
   80 | Variable power or set damage: crush grip, dragon rage, electro ball, endeavor, final gambit, flail, frustration, grass knot, gyro ball, heat crash, heavy slam, hidden power, low kick, natural gift, night shade, psywave, return, reversal, seismic toss, sonic boom, trump card, and wring out
    0 | Any such move not listed
",en,Reveals the opponents' strongest move upon entering battle.
215,109,"Pokémon mit dieser Fähigkeit ignorieren die stat modifier der Gegner bei der Berechnung des Schadens und der accuracy.

Dies beeinflusst effektiv alle Änderungen der Statuswerte außer speed.

Die Stärke von punishment und stored power wird normal berechnet. Wenn sich das Pokémon wegen confusion selbst verletzt, beeinflussen die stat modifier den Schaden wie sonst auch.",de,Ignoriert die stat modifier der Pokémon bei der Schadens- und Genauigkeitsberechnung.
220,109,"This Pokémon ignores other Pokémon's stat modifiers for the purposes of damage and accuracy calculation.

Effectively, this affects modifiers of every stat except Speed.

The power of punishment and stored power is calculated as usual.  When this Pokémon hurts itself in confusion, its stat modifiers affect damage as usual.",en,Ignores other Pokémon's stat modifiers for damage and accuracy calculation.
216,110,Pokémon mit dieser Fähigkeit verdoppeln den Schaden von Attacken die not very effective gegen das Ziel sind.,de,Verdoppelt den durch nicht sehr effektiven Attacken verursachten Schaden.
221,110,This Pokémon deals twice as much damage with moves that are not very effective against the target.,en,Doubles damage inflicted with not-very-effective moves.
223,111,"Pokémon mit dieser Fähigkeit erleiden nur 75% des Schadens, der durch Attacken die super effective sind verursacht wurde.

Die Fähigkeit ist identisch mit solid rock.",de,Reduziert den durch sehr effektive Attacken verursachten Schaden um 1/4.
228,111,"This Pokémon takes 0.75× as much damage from moves that are super effective against it.

This ability functions identically to solid rock.",en,Decreases damage taken from super-effective moves by 1/4.
224,112,"Der attack und die speed von Pokémon mit dieser Fähigkeit werden 5 Runden nach Betreten des Kampfes halbiert.

Die Fähigkeit wirkt auch, wenn sie während des Kampfes erlangt wird. Wenn das Pokémon die Fähigkeit nach Beginn des Kampfes verliert, werden sein attack und seine speed wieder normal, wenn es die Fähigkeit dann wieder erlangt, werden attack und speed wieder halbiert, aber der Zähler wird nicht zurückgesetzt.",de,Halbiert den attack und die speed 5 Runden lang nach Betreten des Kampfes.
233,112,"This Pokémon's Attack and Speed are halved for five turns upon entering battle.

This ability also takes effect when acquired during battle.  If this Pokémon loses its ability before the five turns are up, its Attack and Speed return to normal; if it then regains this ability without leaving battle, its Attack and Speed are halved again, but the counter keeps counting from where it was.",en,Halves Attack and Speed for five turns upon entering battle.
225,113,"Pokémon mit dieser Fähigkeit ignorieren die Immunität von ghost Pokémon gegen normal und fighting Attacken.

Der zweite Typ des ghost Pokémons beeinflusst den Schaden wie sonst auch.",de,Lässt die normal und fighting Attacken des Pokémons ghost Pokémon treffen.
232,113,"This Pokémon ignores ghost-type Pokémon's immunity to normal- and fighting-type moves.

Ghost Pokémon's other types affect damage as usual.",en,Lets the Pokémon's normal and fighting moves hit ghost Pokémon.
226,114,"Alle water Attacken von anderen Pokémon mit nur einem Ziel werden auf das Pokémon mit dieser Fähigkeit umgeleitet, wenn es ein mögliches Ziel ist. water die dieses Pokémon treffen erhöhen seinen special attack um eine Stufe, wobei jeder andere Effekt entfernt wird. Die Attacke kann außerdem nicht daneben gehen.

Wenn das eigentliche Ziel der Attacke die Fähigkeit ebenfalls hat, wird die Attacke nicht umgeleitet. Wenn mehrere Pokémon mit dieser Fähigkeit mögliche Ziele sind, wird die Attacke zu dem mit der höchsten speed, oder, bei Gleichstand, zu einem zufälligen Pokémon umgeleitet. follow me erhält vor dieser Fähigkeit den Vorzug.",de,Leitet water Attacken auf dieses Pokémon um. Absorbiert water Attacken und erhöht den special attack um 1 Stufe.
237,114,"All other Pokémon's single-target water-type moves are redirected to this Pokémon, if it is an eligible target.  Other Pokémon's Water moves raise this Pokémon's Special Attack one stage, negating any other effect on it, and cannot miss it.

If the move's intended target also has this ability, the move is not redirected.  When multiple Pokémon with this ability are possible targets for redirection, the move is redirected to the one with the highest Speed stat, or, in the case of a tie, to a random tied Pokémon.  follow me takes precedence over this ability.",en,"Redirects single-target water moves to this Pokémon where possible.  Absorbs Water moves, raising Special Attack one stage."
227,115,Pokémon mit dieser Fähigkeit heilen am Ende jeder Runde 1/16 ihrer maximalen HP wenn es hagelt und sie nehmen durch hail keinen Schaden unabhängig von ihrem Typ.,de,Heilt jede Runde 1/16 der max hp wenn es hagelt. Schützt vor Schäden durch hail.
235,115,"This Pokémon heals for 1/16 of its maximum HP after each turn during hail, and it does not take hail damage regardless of type.",en,Heals for 1/16 max HP after each turn during hail.  Protects against hail damage.
230,116,"Pokémon mit dieser Fähigkeit erleiden nur 75% des Schadens, der durch Attacken die super effective sind verursacht wurde.

Die Fähigkeit ist identisch mit filter.",de,Reduziert den durch sehr effektive Attacken verursachten Schaden um 1/4.
240,116,"This Pokémon takes 0.75× as much damage from moves that are super effective against it.

This ability functions identically to filter.",en,Decreases damage taken from super-effective moves by 1/4.
229,117,"Das weather ändert sich zu hail, wenn ein Pokémon mit dieser Fähigkeit den Kampf betritt. Dieser Effekt ist dauerhaft bis das weather geändert wird.

Wenn mehrere Pokémon mit dieser Fähigkeit, drizzle, drought oder sand stream zur selben Zeit den Kampf betreten, werden die Fähigkeiten nach Reihenfolge der speed der Pokémon ausgelöst, unter Berücksichtigung von trick room.",de,Ändert beim Betreten des Kampfes das weather in hail.
238,117,"The weather changes to hail when this Pokémon enters battle and does not end unless cancelled by another weather condition.

If multiple Pokémon with this ability, drizzle, drought, or sand stream are sent out at the same time, the abilities will activate in order of Speed, respecting trick room.  Each ability's weather will cancel the previous weather, and only the weather summoned by the slowest of the Pokémon will stay.",en,Summons hail that lasts indefinitely upon entering battle.
231,118,"Pokémon mit dieser Fähigkeit haben eine Chance nach dem Kampf honey aufzuheben. Die Chance startet bei 5% und steigt um weitete 5% mit jedem 10. Level: 5% bei Level 1–10, 10% bei 11–20 und so weiter, bis zu 50% bei 91–100.

Die Fähigkeit wird überprüft wenn der Kampf endet, wenn temporäre Fähigkeiten wieder weg sind.",de,Das Pokémon hebt nach dem Kampf gelegentlich honey auf.
239,118,"This Pokémon has a chance of picking up honey after each battle.  This chance starts at 5% and rises another 5% after every tenth level: 5% from level 1–10, 10% from 11–20, and so on, up to 50% from 91–100.

This ability is checked after the battle ends, at which point any temporary ability changes have worn off.",en,The Pokémon may pick up honey after battle.
241,119,"Wenn ein Pokémon mit dieser Fähigkeit den Kampf betritt, wird allen Trainern mitgeteilt, welches Item der Gegner hält.

Wenn bei Mehrfachkämpfen ein Gegner ein Item hält, wird dieses angezeigt, wenn mehr ein Item halten wird ein zufälliges angekündigt.",de,Enthüllt bei Kampfantritt das getragene Item des Gegners.
234,119,"When this Pokémon enters battle, it reveals an opposing Pokémon's held item to all participating trainers.

In a double battle, if one opponent has an item, this Pokémon will Frisk that Pokémon; if both have an item, it will Frisk one at random.",en,Reveals an opponent's held item upon entering battle.
236,120,"Rückstoß- und Crashattacken von Pokémon mit dieser Fähigkeit haben 1,2× so viel Basisstärke wie sonst.

struggle ist davon nicht betroffen.

""Crashattacken"" sind solche, die dem Anwender schaden wenn sie fehlschlagen wie jump kick und high jump kick.",de,Verstärkt Rückstoßattacken um 20%.
245,120,"This Pokémon's recoil moves and crash moves have 1.2× their base power.

struggle is unaffected.

The ""crash moves"" are the moves that damage the user upon missing: jump kick and high jump kick.",en,Strengthens recoil moves to 1.2× their power.
242,121,"Wenn arceus eine Tayp-Tafel hält, ändert sich sein Typ und seine Form entsprechend der Tafel.

arceus getragenes Item, egal ob es sich um eine Tafel handelt oder nicht, kann nicht durch covet oder thief gestohlen, oder mit knock off entfernt werden, noch kann es durch switcheroo oder trick getauscht werden. covet, thief and knock off richten trotzdem Schaden an. Anders als sticky hold kann arceus fling, switcheroo und trick nicht benutzen um das Item zu verlieren, noch eines durch switcheroo oder trick bekommen, wenn es keines trägt.

Die Fähigkeit hat keinen Effekt für Pokémon außer arceus. Die Fähigkeit kann nicht durch skill swap getauscht, mit role play bzw. trace kopiert, mit gastro acid deaktiviert oder mit worry seed geändert werden. Das Pokémon kann skill swap oder role play einsetzen um die Fähigkeit zu verlieren. mold breaker kann diese Fähigkeit nicht ignorieren.

Wenn sich ein Pokémon in ein arceus mit dieser Fähigkeit verwandelt, wird es sich in arceus normalform verwandeln. Wenn das sich verwandelnde Pokémon eine Tafel trägt, wird sich die Fähigkeit aktivieren und es in den entsprechenden Typ wandeln.",de,Ändert arceus Typ und Form entsprechend der Tafel die es hält.
247,121,"If this Pokémon is holding an elemental Plate, its type and form change to match the Plate.

This Pokémon's held item, whether or not it is a Plate, cannot be taken by covet or thief, nor removed by knock off, nor traded by switcheroo or trick.  Covet, Thief, and Knock Off still inflict damage against this Pokémon.  Unlike with sticky hold, this Pokémon cannot use fling, Switcheroo, or Trick to lose its item itself, nor gain an item through Switcheroo or Trick if it does not have one.

This ability has no effect for any Pokémon other than arceus.  This ability cannot be traded with skill swap, nor copied with role play or trace, nor disabled with gastro acid, nor changed with worry seed.  This Pokémon cannot use Skill Swap or Role Play to lose its ability itself.  mold breaker cannot ignore this ability.

If a Pokémon Transforms into an Arceus with this ability, it will Transform into Arceus's default, normal-type form.  If the Transforming Pokémon is holding a Plate, this ability will then activate and change the Pokémon into the corresponding form.",en,Changes arceus's type and form to match its held Plate.
243,122,"attack und special defense von Teampartnern sind während starkem Sonnenlicht 1,5× so hoch wie normal, wenn sich ein Pokémon mit dieser Fähigkeit im Kampf befindet.

Ansers als forecast, multitype und zen mode ist die Form des Pokémon nicht an diese Fähigkeit gebunden. cherrim kann seine Formen wechseln auch wenn es die Fähigkeit veloren hat. Die Fähigkeit wirkt auch auf anderen Pokémon, wenn sie von diesen erlangt wurde.",de,Erhöht attack und special defense von Partnern um 50% während starkem Sonnenlicht.
249,122,"Friendly Pokémon have 1.5× their Attack and Special Defense during strong sunlight if any friendly Pokémon has this ability.

Unlike forecast, multitype, and zen mode, this ability is not tied to its Pokémon's form change; cherrim will switch between its forms even if it loses this ability.  As such, this ability also works if obtained by a Pokémon other than Cherrim.",en,Increases friendly Pokémon's Attack and Special Defense to 1.5× during strong sunlight.
244,123,"Gegner erleiden am Ende jeder Runde 1/8 ihrer maximalen hp Schaden, wenn sie schlafen.",de,Fügt schlafenden Gegnern jede Runde 1/8 ihrer max hp Schaden zu.
250,123,Opposing Pokémon take 1/8 of their maximum HP in damage after each turn while they are asleep.,en,Damages sleeping opponents for 1/8 their max HP after each turn.
246,124,"Wenn ein Pokémon mit dieser Fähigkeit von einer Attacke getroffen wird die Kontakt herstellt, wird das vom Angreifer getragene Item auf das getroffene Pokémon übertragen, wenn dieses noch keins hält.

Das Pokémon stiehlt nicht, wenn es besiegt wird. Es kann auch stehlen, wenn der Angreifer einen substitute hat, aber nicht wenn der eigene getroffen wird. Wenn eine Attacke mehrmals trifft, löst nur der letzte Treffer die Fähigkeit aus. Wenn das Pokémon ein wildes ist, kann es kein Item stehlen.",de,Stiehlt angreifenden Pokémon bei Kontakt das Item.
252,124,"Whenever a move makes contact with this Pokémon, if it does not have a held item, it steals the attacker's held item.

This Pokémon cannot steal upon being knocked out.  It can steal if the attacker has a substitute, but cannot steal when its own Substitute is hit.  If a move hits multiple times, only the last hit triggers this ability.  If this Pokémon is wild, it cannot steal from a trained Pokémon.",en,Steals attacking Pokémon's held items on contact.
248,125,"Attacken von Pokémon mit dieser Fähigkeit die Zusatzeffekte haben, haben 1,3× so viel Basisstärke wie normal, dafür aber keinen Zusatzeffekt.

Ein Zusatzeffekt ist die Chance einer Attacke, als ""Effektchance"" bezeichnet, eine status ailment oder eine stat modifier hervorzurufen oder das Ziel zurückschrecken zu lassen, zusätzlich zum Haupteffekt einer Attacke. Zum Beispiel ist die paralysis die thunder shock verursachen kann ein Zusatzeffekt, im Gegensatz zu thunder wave, genauso wie das Entfernen des Items durch knock off und die erhöhte kritische Trefferchance durch air cutter.

Attacken die einen Statuswert des Anwenders senken sind nicht betroffen.",de,"Verstärkt Attacken mit Zusatzeffekt um 30%, verhindert aber den Zusatzeffekt."
256,125,"This Pokémon's moves with extra effects have 1.3× their power, but lose their extra effects.

An effect chance is a move's chance to inflict a status ailment, cause a stat change, or make the target flinch in addition to the move's main effect. For example, thunder shock's paralysis is an extra effect, but thunder wave's is not, nor are knock off's item removal and air cutter's increased critical hit rate.

Moves that lower the user's stats are unaffected.",en,"Strengthens moves with extra effects to 1.3× their power, but prevents their extra effects."
251,126,"Wenn ein Statuswert eines Pokémons mit dieser Fähigkeit erhöht werden würde, wird er stattdessen um die selbe Anzahl Stufen gesenkt",de,Invertiert Statuswertänderungen.
258,126,"Whenever this Pokémon's stats would be raised, they are instead lowered by the same amount, and vice versa.",en,Inverts stat changes.
253,127,"Wenn ein Pokémon mit dieser Fähigkeit im Kampf ist, können Gegner keine getragenen Beeren essen.

Betroffene Pokémon können trotzdem bug bite bzw. pluck einsetzen um die Beere des Ziels zu essen.",de,Hindert Gegner daran Beeren zu essen.
259,127,"Opposing Pokémon cannot eat held Berries while this Pokémon is in battle.

Affected Pokémon can still use bug bite or pluck to eat a target's Berry.",en,Prevents opposing Pokémon from eating held Berries.
254,128,"Wenn ein Statuswert eines Pokémon mit dieser Fähigkeit gesenkt wird, wird sein attack um 2 Stufen erhöht.

Wenn mehrere Statuswerte gesenkt löst die Fähigkeit für jeden Statuswert aus.",de,Erhöht den attack um 2 Stufen wenn ein Statuswert gesenkt wird.
261,128,"When any of this Pokémon's stats are lowered, its Attack rises by two stages.

If multiple stats are lowered at once, this ability takes effect with each stat lowered.",en,Raises Attack two stages upon having any stat lowered.
255,129,"Der attack und die special attack eines Pokémon mit dieser Fähigkeit werden halbiert, wenn es nur noch 50% oder weniger seiner maximalen hp hat.",de,Halbiert attack und special attack wenn nur 50% oder weniger der max hp übrig sind.
260,129,This Pokémon's Attack and Special Attack are halved when it has half its HP or less.,en,Halves Attack and Special Attack at 50% max HP or less.
257,130,"Attacken die ein Pokémon mit dieser Fähigkeit treffen, haben eine 30% Chance blockiert zu werden.",de,"30% Chance Attacken zu blockieren von denen das Pokémon getroffen wurde."
263,130,Moves that hit this Pokémon have a 30% chance of being Disabled afterward.,en,Has a 30% chance of Disabling any move that hits the Pokémon.
262,131,"Benachbarte Teampartner von Pokémon mit dieser Fähigkeit, haben eine 30% Chance am Ende jeder Runde von einer major status ailment geheilt zu werden.",de,"30% Chance angrenzende Teampartner jede Runde von einer major status ailment zu heilen."
268,131,Friendly Pokémon next to this Pokémon in double and triple battles each have a 30% chance of being cured of any major status ailment after each turn.,en,Has a 30% chance of curing each adjacent ally of any major status ailment after each turn.
265,132,"Alle Teampartner von Pokémon mit dieser Fähigkeit erhalten nur 0,75× so viel Schaden durch Attacken während das Pokémon im Kampf ist.

Der Effekt stapelt, wenn mehrere Pokémon mit dieser Fähigkeit im Kampf sind.",de,Verringert allen von Teampartnern erlitten Schaden um 75%.
275,132,"All friendly Pokémon take 0.75× as much direct damage from moves while this Pokémon is in battle.

This effect stacks if multiple allied Pokémon have it.",en,Decreases all direct damage taken by friendly Pokémon to 0.75×.
264,133,"Wenn ein Pokémon mit dieser Fähigkeit von einer physischen Attacke getroffen wird, wird seine speed um eine Stufe erhöht und seine defense um 1 Stufe gesenkt.

Attacken die mehrmals treffen lösen bei jedem Treffer diese Fähigkeit aus.",de,"Erhöht die speed und senkt die defense um eine Stufe, wenn es von einer physischen Attacke getroffen wird."
274,133,"Whenever a physical move hits this Pokémon, its Speed rises one stage and its Defense falls one stage.

This ability triggers on every hit of a multiple-hit move.",en,Raises Speed and lowers Defense by one stage each upon being hit by a physical move.
266,134,"Pokémon mit dieser Fähigkeit haben ein doppelt so hohes Gewicht, wie andere von der selben Spezies.",de,Verdoppelt das Gewicht des Pokémon.
276,134,This Pokémon has double the usual weight for its species.,en,Doubles the Pokémon's weight.
267,135,"Pokémon mit dieser Fähigkeit haben ein halb so hohes Gewicht, wie andere von der selben Spezies.",de,Halbiert das Gewicht des Pokémon.
277,135,This Pokémon has half the usual weight for its species.,en,Halves the Pokémon's weight.
269,136,"Pokémon mit dieser Fähigkeit erleiden nur halben Schaden, wenn sie volle hp haben.",de,Halbiert den erlittenen Schaden bei vollen hp.
279,136,This Pokémon takes half as much damage when it is hit having full HP.,en,Halves damage taken from full HP.
270,137,"Pokémon mit dieser Fähigkeit haben einen 1,5× so hohen attack, wenn sie vergiftet sind.",de,"Erhöht den attack um 50%, wenn das Pokémon vergiftet ist."
278,137,This Pokémon has 1.5× its Attack when poisoned.,en,Increases Attack to 1.5× when poisoned.
271,138,"Pokémon mit dieser Fähigkeit haben einen 1,5× so hohen special attack, wenn sie brennen.",de,"Erhöht den special attack um 50%, wenn das Pokémon brennt."
280,138,This Pokémon has 1.5× its Special Attack when burned.,en,Increases Special Attack to 1.5× when burned.
273,139,"Pokémon mit dieser Fähigkeit haben nach jeder Runde eine Chance von 50% eine verbrauchte Beere wiederherzustellen, wenn das letzte verbrauchte Item eine Beere war und es gerade kein Item trägt. Bei starkem Sonnenlicht ist die Chance 100%.",de,"50% Chance nach jeder Runde eine verbrauchte Beere wiederherzustellen, wenn in der Zwischenzeit kein anderes Item erlangt wurde."
281,139,"After each turn, if the last item this Pokémon consumed was a Berry and it is not currently holding an item, it has a 50% chance of regaining that Berry, or a 100% chance during strong sunlight.",en,Has a 50% chance of restoring a used Berry after each turn if the Pokémon has held no items in the meantime.
272,140,"Pokémon mit dieser Fähigkeit erleiden keinen Schaden von Attacken von Teampartnern, inklusive solchen Attacken die nur ein Ziel treffen und direkt auf das Pokémon gerichtet sind.",de,Schützt vor Attacken von Partner die Schaden anrichten.
282,140,"This Pokémon does not take damage from friendly Pokémon's moves, including single-target moves aimed at it.",en,Protects against friendly Pokémon's damaging moves.
283,141," Nach jeder Runde erhöht sich ein zufälliger Statuswert von Pokémon mit dieser Fähigkeit um 2 Stufen und ein anderer wird um 1 Stufe gesenkt.

Wenn ein Statuswert bereits -6 oder +6 Stufen erreicht hat, wird er nicht zufällig ausgewählt.",de,Erhöht einen zufälligen Statuswert um 2 Stufen und senkt einen anderen um 1 Stufe nach jeder Runde.
288,141,"After each turn, one of this Pokémon's stats at random rises two stages, and another falls one stage.

If a stat is already at 6 or -6 stages, it will not be chosen to be increased or decreased, respectively.",en,Raises a random stat two stages and lowers another one stage after each turn.
284,142,Pokémon mit dieser Fähigkeit erhalten keinen Schaden durch Wettereffekte.,de,Schützt vor Schäden durch weather.
290,142,This Pokémon does not take damage from weather.,en,Protects against damage from weather.
285,143,"Die Attacken mit Kontakt von Pokémon mit dieser Fähigkeit haben mit jedem Schlag eine 30% Chance das Ziel zu vergiften.

Das zählt als Zusatzeffekt im Sinne von shield dust. Diese Fähigkeit löst vor mummy aus.",de,"30% Chance, den Gegner bei Kontakt zu vergiften."
289,143,"This Pokémon's contact moves have a 30% chance of poisoning the target with each hit.

This counts as an extra effect for the purposes of shield dust.  This ability takes effect before mummy.",en,Has a 30% chance of poisoning target Pokémon upon contact.
286,144,"Pokémon mit dieser Fähigkit heilen 1/3 ihrer maximalen hp, wenn sie aus irgend einem anderen Grund als besiegt zu werden ausgewechselt werden.

Die Fähigkeit löst nicht aus, wenn der Kampf endet.",de,Heilt beim Auswechseln 1/3 der max hp.
294,144,"This Pokémon regains 1/3 of its maximum HP when it is switched out for another Pokémon under any circumstances other than having fainted.

This ability does not take effect when a battle ends.",en,Heals for 1/3 max HP upon switching out.
297,145,"Die defense von Pokémon mit dieser Fähigkeit kann nicht von anderen Pokémon gesenkt werden.

Das Pokémon kann nagative defense durch heart swap oder guard swap erhalten.",de,Schützt vor dem Absenken der defense.
287,145,"This Pokémon's Defense cannot be lowered by other Pokémon.

This Pokémon can still be passed negative Defense modifiers through heart swap or guard swap.",en,Protects against Defense drops.
291,146,"Pokémon mit dieser Fähigkeit erleiden im sandstorm unabhängig von ihrem Typ keinen Schaden und ihre speed wird verdoppelt, solange der sandstorm anhält.",de,Verdoppelt die speed während eines Sandsturms. Schützt vor Schäden durch Sandstürme.
298,146,"This Pokémon's Speed is doubled during a sandstorm, and it does not take sandstorm damage, regardless of type.",en,Doubles Speed during a sandstorm.  Protects against sandstorm damage.
292,147,"Attacken ohne Schaden die auf ein Pokémon mit dieser Fähigkeit zielen, haben eine Basisgenauigkeit von 50%.",de,Verringert die accuracy von ankommenden Attacken ohne Schaden auf 50%.
299,147,Non-damaging moves have exactly 50% base accuracy against this Pokémon.,en,Lowers incoming non-damaging moves' base accuracy to exactly 50%.
293,148,"Attacken von Pokémon mit dieser Fähigkeit, haben 1,3× so viel Stärke, wenn das Pokémon als Letztes angreift.

future sight und doom desire sind nicht betroffen.",de,"Verstärkt Attacken um 30%, wenn das Pokémon als Letztes agiert."
300,148,"This Pokémon's moves have 1.3× their power when it moves last in a turn.

future sight and doom desire are unaffected.",en,Strengthens moves to 1.3× their power when moving last.
296,149,"Pokémon mit dieser Fähigkeit betreten den Kampf in Form des letzten nicht besiegten Pokémon im Team. Dabei erscheint es als dieselbe Species und hat den selben Namen und Pokéball wie das letzte kampffähige Pokémon im Team. Die Illusion erlischt beim ersten Treffer von einer Attacke die Schaden verursacht.

Anderer Schaden, wie der vom weather oder von spikes, zerstört die Illusion nicht, genauso wie Schaden der vom substitute abgefangen wird.

Wenn die Teampokémon während des Kampfes durch Austausch verändert wurde, wird die geänderte Reihenfolge beim Annehmen der Form beachtet.",de,Nimmt beim Betreten des Kampfes die Form des letzten Teampokémon das nicht besiegt ist an und behält diese bis es zum ersten Mal getroffen wird.
302,149,"This Pokémon, upon being sent out, appears to have the species, nickname, and Poké Ball of the last Pokémon in the party that is able to battle.  This illusion breaks upon being hit by a damaging move.

Other damage, e.g. from weather or spikes, does not break the illusion, nor does damage done to a substitute.

If the party order becomes temporarily shuffled around as Pokémon are switched out in battle, this ability chooses the last Pokémon according to that shuffled order.",en,Takes the appearance of the last conscious party Pokémon upon being sent out until hit by a damaging move.
295,150,Pokémon mit dieser Fähigkeit kopieren einen zufälligen Gegner. Der Effekt ist identisch mit transform.,de,Verwandelt sich beim Betreten des Kampfes in den Gegner.
301,150,This Pokémon transforms into a random opponent upon entering battle.  This effect is identical to the move transform.,en,Transforms upon entering battle.
303,151,"Pokémon mit dieser Fähigkeit ignorieren light screen, reflect und safeguard.",de,"Umgeht light screen, reflect und safeguard."
307,151,"This Pokémon's moves ignore light screen, reflect, and safeguard.",en,"Bypasses light screen, reflect, and safeguard."
304,152,"Wenn ein Pokémon mit dieser Fähigkeit von einer Attacke mit Kontakt getroffen wird, ändert sich die Fähigkeit des Gegners in Mumie.

multitype ist nicht betroffen. Wenn das Pokémon von einem mit der Fähigkeit moxie besiegt wird, ändert sich dessen Fähigkeit ohne ihren Effekt auszulösen.",de,Ändert bei Kontakt die Fähigkeit von Angreifern in Mumie.
308,152,"Whenever a contact move hits this Pokémon, the attacking Pokémon's ability changes to Mummy.

multitype is unaffected.  If a Pokémon with moxie knocks this Pokémon out, the former's ability will change without taking effect.",en,Changes attacking Pokémon's abilities to Mummy on contact.
305,153,"Der attack von Pokémon mit dieser Fähigkeit erhöht sich um 1 Stufe, wenn es einen Gegner oder einen Teampartner besiegt.

Die Fähigkeit löst nicht aus, wenn der Gegner indirekt besiegt wird, z.B. durch poison oder spikes.

Wenn der besiegte Gegner die Fähigkeit mummy hat, ändert sich die Fähigkeit ohne den alten Effekt auszulösen.",de,"Erhöht den attack um 1 Stufe, wenn es einen Gegner besiegt."
310,153,"This Pokémon's Attack rises one stage upon knocking out another Pokémon, even a friendly Pokémon.

This ability does not take effect when the Pokémon indirectly causes another Pokémon to faint, e.g. through poison or spikes.

If this Pokémon knocks out a Pokémon with mummy, the former's ability will change without taking effect.",en,Raises Attack one stage upon KOing a Pokémon.
306,154,"Wenn ein Pokémon mit dieser Fähigkeit von einer dark Attacke getroffen wird, wird sein attack um 1 Stufe erhöht.

Die Attacke wird nicht beeinflusst.",de,"Erhöht den attack um 1 Stufe, wenn es von dark Attacken getroffen wird."
309,154,"Whenever a dark-type move hits this Pokémon, its Attack rises one stage.

The move is not negated in any way.",en,Raises Attack one stage upon taking damage from a dark move.
312,155,"Die speed erhöht sich mit jedem Treffer einer dark, ghost oder bug Attacke um 1 Stufe.",de,"Erhöht die speed um 1 Stufe, wenn es von dark, ghost oder bug Attacken getroffen wird."
317,155,"This Pokémon's Speed rises one stage with each hit from a damaging dark-, ghost-, or bug-type move.",en,"Raises Speed one stage upon being hit by a dark, ghost, or bug move."
311,156,"Wenn ein Pokémon mit dieser Fähigkeit von einer Attacke getroffen wird die als Reflektierbar gekennzeichnet ist, wird die Attacke zum Angreifer zurückgeworfen.

Alle reflektierbaren Attacken verursachen keinen Schaden und die meisten Attacken die keinen Schaden verursachen sind als reflektierbar gekennzeichnet.

Eine Attacke die von dieser Fähigkeit oder von magic coat reflektiert wurde, kann nicht zurückreflektiert werden.",de,Reflektiert die meisten Attacken ohne Schaden zum Angreifer zurück.
318,156,"When this Pokémon is targeted by a move flagged as being reflectable, the move is redirected to its user.

All reflectable moves are non-damaging, and most non-damaging moves that target other Pokémon are reflectable.

A move reflected by this ability or magic coat cannot be reflected back.",en,Reflects most non-damaging moves back at their user.
313,157,"Wenn ein Pokémon mit dieser Fähigkeit von einer grass Attacke getroffen wird, steigt sein attack um 1 Stufe, wobei jeder andere Effekt entfernt wird.",de,Absorbiert grass Attacken und erhöhrt dabei den attack um 1 Stufe.
323,157,"Whenever a grass-type move hits this Pokémon, its Attack rises one stage, negating any other effect on it.",en,"Absorbs grass moves, raising Attack one stage."
314,158,"Wenn ein Pokémon diese Fähigkeit hat, erhöht sich die priority seiner Attacken die keinen Schaden anrichten um 1 Stufe.",de,Erhöht die priority von Attacken ohne Schaden um 1 Stufe.
325,158,This Pokémon's non-damaging moves have their priority increased by one stage.,en,Raises non-damaging moves' priority by one stage.
315,159,"Die rock, ground und steel Attacken von Pokémon mit dieser Fähigkeit haben während eines Sandsturms 1,3× so viel Basisstärke wie sonst. Das Pokémon erleidet keinen Schaden durch Sandstürme, unabhängig von seinem Typ.",de,"Verstärkt rock, ground und steel Attacken um 30% während eines Sandsturms. Schützt vor Schäden durch Sandstürme."
326,159,"During a sandstorm, this Pokémon's rock-, ground-, and steel-type moves have 1.3× their base power.  This Pokémon does not take sandstorm damage, regardless of type.",en,"Strengthens rock, ground, and steel moves to 1.3× their power during a sandstorm.  Protects against sandstorm damage."
316,160,"Wenn ein Pokémon mit dieser Fähigkeit von einer Attacke mit Kontakt getroffen wird, erleidet der Angreifer 1/8 seiner maximalen hp Schaden.

Diese Fähigkeit ist identisch mit rough skin.",de,Angreifer erleiden bei Kontakt 1/8 ihrer max hp Schaden.
324,160,"Whenever a move makes contact with this Pokémon, the move's user takes 1/8 of its maximum HP in damage.

This ability functions identically to rough skin.",en,Damages attacking Pokémon for 1/8 their max HP on contact.
320,161,"darmanitan wechselt am Ende jeder Runde zwischen dem Standard Modus und dem Zen Modus, abhängig von seinen hp. Wenn es weniger als 50% seiner maximalen hp hat, wechselt es zum Zen Modus, bei 50% oder mehr zum Standard Modus.

darmanitan wechselt zum Standard Modus beim Beenden des Kampfes oder wenn es die Fähigkeit verliert. Die Fähigkeit hat keinen Effekt für Pokémon außer darmanitan.",de,"Ändert jede Runde die Form von darmanitan abhängig von seinen hp: Zen Modus bei weniger als 50% der max hp, ansonsten Standard Modus."
327,161,"This Pokémon switches between Standard Mode and Zen Mode after each turn depending on its HP.  Below 50% of its maximum HP, it switches to Zen Mode, and at 50% or above, it switches to Standard Mode.

This Pokémon returns to Standard Mode upon leaving battle or losing this ability.  This ability has no effect if this Pokémon is not a darmanitan.",en,"Changes darmanitan's form after each turn depending on its HP: Zen Mode below 50% max HP, and Standard Mode otherwise."
319,162,"Die accuracy der Attacken von Pokémon ist 1,1× so hoch wie sonst, solange ein Pokémon mit dieser Fähigkeit im Team ist.",de,Erhöht die accuracy von Partnern um 10%.
328,162,"All friendly Pokémon's moves, including this Pokémon's own moves, have 1.1× their usual accuracy while this Pokémon is in battle.",en,Increases moves' accuracy to 1.1× for friendly Pokémon.
321,163,"Die Attacken von Pokémon mit dieser Fähigkeit ignorieren Fähigkeiten, die die Attacke am Funktionieren hindern oder ihre Effekte beeinflussen.

Beispiel: Die Attacken ignorieren Fähigkeiten die sie komplett verhindern würden, wie water absorb, Fähigkeiten die einen der Effekte verhindern würden, wie z.B. clear body, shell armor oder sticky hold und Fähigkeiten die einen generellen schützenden Vorteil brächten, wie simple, snow cloak oder thick fat. Wenn eine Fähigkeit die Attacke behindern oder ihr helfen würde, wie dry skin oder unaware, wird sie ebenfalls ignoriert.

Fähigkeiten die dieser Beschreibung nicht entsprechen, selbst wenn sie eine Attacke behindern könnten, werden nicht verhindert. Zum Beispiel beeinflusst cursed body nur mögliche zukünftige Anwendungen der Attacke, während liquid ooze und shadow tag nur den Effekt der Attacke auf den Anwender verhindern. Die Attacke kann keine Typ- oder Form-Änderungen verhindern die durch Fähigkeiten ausgelöst werden, zum Beispiel color change oder forecast, genauso wie Effekte die von Fähigkeiten verursacht wurden aber nicht mehr an die Fähigkeit gebunden sind, so wie der rain von drizzle. Die Fähigkeit kann multitype nicht verhindern.

Eine Fähigkeit die von dieser Fähigkeit ignoriert wird, wird nur überbrückt, während die Attacke eingesetzt wird. Beispiel: Die Attacken von Pokémon mit dieser Fähigkeit können ein Pokémon mit limber paralysieren aber limber wird sich aktivieren und die Paralyse direkt danach heilen. Außerdem werden die Stacheln dieses Pokémons nicht von dieser Fähigkeit beeinflusst, nachdem sie platziert wurden.

Wenn ein Pokémon mit dieser Fähigkeit den Kampf betritt, werden alle Trainer über diese Fähigkeit benachrichtigt.

Die Fähigkeit ist identisch mit teravolt und mold breaker.",de,"Umgeht die gegnerische Fähigkeit, wenn sie eine Attacke verhindern kann."
329,163,"This Pokémon's moves completely ignore abilities that could hinder or prevent their effect on the target.

For example, this Pokémon's moves ignore abilities that would fully negate them, such as water absorb; abilities that would prevent any of their effects, such as clear body, shell armor, or sticky hold; and abilities that grant any general protective benefit, such as simple, snow cloak, or thick fat.  If an ability could either hinder or help this Pokémon's moves, e.g. dry skin or unaware, the ability is ignored either way.

Abilities that do not fit this description, even if they could hinder moves in some other way, are not affected.  For example, cursed body only affects potential future uses of the move, while liquid ooze and shadow tag can only hinder a move's effect on the user.  This ablity cannot ignore type or form changes granted by abilities, for example color change or forecast; nor effects that were caused by abilities but are no longer tied to an ability, such as the rain from drizzle.  This ability cannot ignore multitype at all.

An ability ignored by this ability is only nullified while the move is being used.  For example, this Pokémon's moves can paralyze a Pokémon with limber, but Limber will activate and heal the paralysis immediately thereafter, and this Pokémon's spikes are not affected by this ability after they have been placed.

When this Pokémon enters battle, all participating trainers are notified that it has this ability.

This ability functions identically to mold breaker and teravolt.",en,Bypasses targets' abilities if they could hinder or prevent moves.
322,164,"Die Attacken von Pokémon mit dieser Fähigkeit ignorieren Fähigkeiten, die die Attacke am Funktionieren hindern oder ihre Effekte beeinflussen.

Beispiel: Die Attacken ignorieren Fähigkeiten die sie komplett verhindern würden, wie water absorb, Fähigkeiten die einen der Effekte verhindern würden, wie z.B. clear body, shell armor oder sticky hold und Fähigkeiten die einen generellen schützenden Vorteil brächten, wie simple, snow cloak oder thick fat. Wenn eine Fähigkeit die Attacke behindern oder ihr helfen würde, wie dry skin oder unaware, wird sie ebenfalls ignoriert.

Fähigkeiten die dieser Beschreibung nicht entsprechen, selbst wenn sie eine Attacke behindern könnten, werden nicht verhindert. Zum Beispiel beeinflusst cursed body nur mögliche zukünftige Anwendungen der Attacke, während liquid ooze und shadow tag nur den Effekt der Attacke auf den Anwender verhindern. Die Attacke kann keine Typ- oder Form-Änderungen verhindern die durch Fähigkeiten ausgelöst werden, zum Beispiel color change oder forecast, genauso wie Effekte die von Fähigkeiten verursacht wurden aber nicht mehr an die Fähigkeit gebunden sind, so wie der rain von drizzle. Die Fähigkeit kann multitype nicht verhindern.

Eine Fähigkeit die von dieser Fähigkeit ignoriert wird, wird nur überbrückt, während die Attacke eingesetzt wird. Beispiel: Die Attacken von Pokémon mit dieser Fähigkeit können ein Pokémon mit limber paralysieren aber limber wird sich aktivieren und die Paralyse direkt danach heilen. Außerdem werden die Stacheln dieses Pokémons nicht von dieser Fähigkeit beeinflusst, nachdem sie platziert wurden.

Wenn ein Pokémon mit dieser Fähigkeit den Kampf betritt, werden alle Trainer über diese Fähigkeit benachrichtigt.

Die Fähigkeit ist identisch mit mold breaker und turboblaze.",de,"Umgeht die gegnerische Fähigkeit, wenn sie eine Attacke verhindern kann."
332,164,"This Pokémon's moves completely ignore abilities that could hinder or prevent their effect on the target.

For example, this Pokémon's moves ignore abilities that would fully negate them, such as water absorb; abilities that would prevent any of their effects, such as clear body, shell armor, or sticky hold; and abilities that grant any general protective benefit, such as simple, snow cloak, or thick fat.  If an ability could either hinder or help this Pokémon's moves, e.g. dry skin or unaware, the ability is ignored either way.

Abilities that do not fit this description, even if they could hinder moves in some other way, are not affected.  For example, cursed body only affects potential future uses of the move, while liquid ooze and shadow tag can only hinder a move's effect on the user.  This ablity cannot ignore type or form changes granted by abilities, for example color change or forecast; nor effects that were caused by abilities but are no longer tied to an ability, such as the rain from drizzle.  This ability cannot ignore multitype at all.

An ability ignored by this ability is only nullified while the move is being used.  For example, this Pokémon's moves can paralyze a Pokémon with limber, but Limber will activate and heal the paralysis immediately thereafter, and this Pokémon's spikes are not affected by this ability after they have been placed.

When this Pokémon enters battle, all participating trainers are notified that it has this ability.

This ability functions identically to mold breaker and turboblaze.",en,Bypasses targets' abilities if they could hinder or prevent moves.
331,165,"Pokémon sind vor mentalen Attacken wie attract, disable, taunt oder encore geschützt, solange sich ein Pokémon mit dieser Fähigkeit im Team befindet. Das gilt auch, für das Pokémon selbst.",de,Schützt Verbündete vor mentalen Attacken.
333,165,Protects allies against moves that affect their mental state.,en,Protects allies against moves that affect their mental state.
330,166,"grass Pokémon können durch Gegner keine negativen stat modifier erleiden, solange sich ein Pokémon mit dieser Fähigkeit im Team befindet.

Das betrifft nur direkte Statuswerteänderungenen, der speed Malus von paralysis wird nicht verhindert, genauso wie selbstverursachte Statuswerteänderungenen wie z.B. durch leaf storm.",de,Beschützt verbündete grass Pokémon for negativen Statuswerteänderungenen.
334,166,Protects friendly grass Pokémon from having their stats lowered by other Pokémon.,en,Protects friendly grass Pokémon from having their stats lowered by other Pokémon.
335,167,"Wenn ein Pokémon mit dieser Fähigkeit eine Beere isst, stellt es 1/3 seiner maximalen hp wieder her, zusätzlich zum eigentlichen Effekt der Beere.

Die Fähigkeit wirkt auch, wenn das Pokémon die Beere durch fling, bug bite oder pluck erhalten hat, solange es von der Beere profitiert.

Die Fähigkeit wirkt nicht, wenn die Beere mit natural gift verbraucht wird.",de,Stellt zusätzlich zum eigentlichen Effekt einer Beere zusätzliche hp wieder her.
342,167,"Restores HP upon eating a Berry, in addition to the Berry's effect.",en,"Restores HP upon eating a Berry, in addition to the Berry's effect."
336,168,"Wenn ein Pokémon mit dieser Fähigkeit eine Attacke einsetzt, ändert sich sein Typ in den der Attacke.

Die Typumwandlung erfolgt unmittelbar vor dem Einsatz der Attacke, der Anwender erhält dadurch den same type attack bonus Bonus für jede Attacke die er einsetzt und toxic trifft immer. Die Typumwandlung bleibt bestehen, bis der Typ erneut gewandelt wird oder das Pokémon ausgetauscht wird, nicht aber durch deaktivieren oder austauschen der Fähigkeit.

Wenn der Typ der Attacke geändert wird, zum Beispiel weil die Attacke eine andere Attacke benutzt, wie nature power, weil die Attacke selbst ihren Typ ändern kann oder weil der Typ der Attacke vom Gegner verändert wird, wie z.B. durch electrify oder ion deluge, dann wird der geänderte Typ herangezogen. Wenn eine Attacke eingesetzt wird, die den Typ des Anwenders ändert, wie camouflage, dann löst zuerst die Fähigkeit aus und ändert den Typ des Anwenders in den der Attacke, danach wird die Attacke entweder fehlschlagen oder den Typ des Anwenders wieder ändern. Wird curse eingesetzt und der Anwender ist nicht bereits vom Typ ghost wird er zum Typ ghost.

Die Fähigkeit löst nicht aus, wenn die Attacke fehlschlägt, außer sie geht wegen der Fähigkeit selbst daneben, wenn die Ausführung unterbrochen wird, z.B. durch confusion, wenn die Attacke verhindert wird (durch rain oder durch powder). Die Fähigkeit löst trotzdem aus, wenn die Attacke daneben geht, blockiert wird (durch protect oder ähnliches) oder keine Wirkung auf den Gegner hat.

struggle ist nicht betroffen.",de,Ändert den Typ des Anwenders in den der Attacke die er einsetzt.
344,168,"Changes the bearer's type to match each move it uses.

The type change takes place just before the move is used.",en,Changes the bearer's type to match each move it uses.
337,169,Pokémon mit dieser Fähigkeit erhalten nur den halben Schaden von physischen Attacken.,de,Halbiert den Schaden von physischen Attacken.
343,169,Halves damage from physical attacks.,en,Halves damage from physical attacks.
338,170,"Wenn ein Pokémon mit dieser Fähigkeit von einer Attacke getroffen wird die Schaden verursacht, wird das vom Angreifer getragene Item auf das getroffene Pokémon übertragen, wenn dieses noch keins hält.

Das Pokémon stiehlt nicht, wenn es besiegt wird. Es kann auch stehlen, wenn der Angreifer einen substitute hat, aber nicht wenn der eigene getroffen wird. Wenn eine Attacke mehrmals trifft, löst nur der letzte Treffer die Fähigkeit aus. Wenn das Pokémon ein wildes ist, kann es kein Item stehlen.",de,Stiehlt angreifenden Pokémon das Item wenn es von einer Attacke die Schaden verursacht getroffen wird.
347,170,Steals the target's held item when the bearer uses a damaging move.,en,Steals the target's held item when the bearer uses a damaging move.
339,171,"Pokémon mit dieser Fähigkeit können nicht von Attacken getroffen werden die Kugel-, Ball- oder Bombenbasiert sind.",de,"Schützt gegen Kugel-, Ball- und Bombenbasierte Attacken."
345,171,"Protects against bullet, ball, and bomb-based moves.",en,"Protects against bullet, ball, and bomb-based moves."
341,172,"Wenn ein Statuswert eines Pokémon mit dieser Fähigkeit gesenkt wird, wird sein special attack um 2 Stufen erhöht.

Wenn mehrere Statuswerte gesenkt löst die Fähigkeit für jeden Statuswert aus.",de,Erhöht den special attack um 2 Stufen wenn ein Statuswert gesenkt wird.
351,172,Raises Special Attack by two stages upon having any stat lowered.,en,Raises Special Attack by two stages upon having any stat lowered.
340,173,"Die Bissattacken von Pokémon mit dieser Fähigkeit sind 1,5× so stark wie sonst. Zu Bissattacken zählen auch crunch und ""Zahn""-Attacken.",de,Verstärkt Bissattacken um 50%.
350,173,Strengthens biting moves to 1.5× their power.,en,Strengthens biting moves to 1.5× their power.
346,174,"Die normal Attacken von Pokémon mit dieser Fäigkeit werden zu ice Attacken. Attacken die durch diese Fähigkeit beeinflusst werden, haben 1,3× so viel Basisstärke wie sonst.",de,Ändert die normal Attacken des Anwenders in ice Attacken und verstärkt sie um 30%.
352,174,Turns the bearer's normal-type moves into ice-type moves.  Moves changed by this ability have 1.3× their power.,en,Turns the bearer's normal moves into ice moves and strengthens them to 1.3× their power.
348,175,Pokémon können nicht einschlafen solange sich ein Pokémon mit dieser Fähigkeit im Team befindet.,de,Hindert Partner am einschlafen.
358,175,Prevents friendly Pokémon from sleeping.,en,Prevents friendly Pokémon from sleeping.
349,176,"Lässt aegislash zur Klingenform wechseln, wenn es einen Attacke einsetzt die Schaden verursacht, oder zur Schildform, wenn kings shield eingesetzt wird.

Die Fähigkeit löst auch aus, wenn die Ausführung der Attacke verhindert wird, z.B. durch sleep oder confusion. Die Fähigkeit löst nicht aus bei Attacken die andere Attacken aufrufen, so wie sleep talk, selbst wenn dabei kings shield oder eine Attacke die Schaden verursacht aufgerufen wird.

Die Fähigkeit hat keinen Effekt für Pokémon außer aegislash.",de,"Wechselt die Form von aegislash zur Klingenform, wenn eine Attacke mit Schaden eingesetzt wird, oder zur Schildform, wenn kings shield eingesetzt wird."
359,176,"Changes aegislash to Blade Forme before using a damaging move, or Shield Forme before using kings shield.",en,"Changes aegislash to Blade Forme before using a damaging move, or Shield Forme before using kings shield."
355,177,"Wenn ein Pokémon diese Fähigkeit hat, erhöht sich die priority seiner flying Attacken um 1 Stufe.",de,Erhöht die priority von flying Attacken um 1 Stufe.
362,177,Raises flying moves' priority by one stage.,en,Raises flying moves' priority by one stage.
354,178,"Die Aura- und Pulsattacken von Pokémon mit dieser Fähigkeit sind 1,5× so stark wie sonst. Zu den Attacken zählen auch water pulse und origin pulse und heal pulse heilt um 75% statt 50% der maximalen hp.",de,Verstärkt Aura- und Pulsattacken um 50%.
361,178,Strengthens aura and pulse moves to 1.5× their power.,en,Strengthens aura and pulse moves to 1.5× their power.
357,179,"Während der Effekt von grassy terrain aktiv ist, haben Pokémon mit dieser Fähigkeit eine 1,5× so hohe defense wie sonst.",de,Erhöht die defense um 50% während dem Effekt von grassy terrain.
364,179,Boosts Defense while grassy terrain is in effect.,en,Boosts Defense while grassy terrain is in effect.
353,180,"Gibt das eigene getragene Item an einen Teampartner weiter, wenn dieser sein Item benutzt hat.

Das gilt auch, wenn der Partner das Item mit fling verbraucht hat, wenn er eine gegnerische Beere mit pluck gegessen hat und kein Item trägt oder sein air balloon platzt. Wenn mehrere Teampartner ihre Items in der gleichen Runde verbrauchen, erhält derjenige mit der höheren speed das Item ohne dabei trick room zu beachten.

Die Fähigkeit löst nicht aus, wenn das Item nur bewegt wird, beispielsweise durch thief, magician oder sticky barb, wenn es durch incinerate zerstört oder fallengelassen wird.",de,"Gibt das eigene Item an einen Verbündeten weiter, wenn dieser seins benutzt hat."
360,180,Passes the bearer's held item to an ally when the ally uses up its item.,en,Passes the bearer's held item to an ally when the ally uses up its item.
356,181,"Die Attacken von Pokémon mit dieser Fähigkeit, die Konakt herstellen, haben eine 1,33× Basisstärke wie sonst.",de,Verstärkt Attacken mit Kontakt um 33%.
363,181,Strengthens moves that make contact to 1.33× their power.,en,Strengthens moves that make contact to 1.33× their power.
365,182,"Die normal Attacken von Pokémon mit dieser Fäigkeit werden zu fairy Attacken. Attacken die durch diese Fähigkeit beeinflusst werden, haben 1,3× so viel Basisstärke wie sonst.",de,Ändert die normal Attacken des Anwenders in fairy Attacken und verstärkt sie um 30%.
371,182,Turns the bearer's normal-type moves into fairy moves.  Moves changed by this ability have 1.3× their power.,en,Turns the bearer's normal moves into fairy moves and strengthens them to 1.3× their power.
366,183,"Wenn ein Pokémon mit dieser Fähigkeit von einer Attacke die Kontakt herstellt getroffen wird, wird die speed des Angreifers um 1 Stufe gesenkt.",de,Senkt bei Kontakt die speed des Angreifers um 1 Stufe.
372,183,Lowers attacking Pokémon's Speed by one stage on contact.,en,Lowers attacking Pokémon's Speed by one stage on contact.
367,184,"Die normal Attacken von Pokémon mit dieser Fäigkeit werden zu flying Attacken. Attacken die durch diese Fähigkeit beeinflusst werden, haben 1,3× so viel Basisstärke wie sonst.",de,Ändert die normal Attacken des Anwenders in flying Attacken und verstärkt sie um 30%.
373,184,Turns the bearer's normal-type moves into flying-type moves.  Moves changed by this ability have 1.3× their power.,en,Turns the bearer's normal moves into flying moves and strengthens them to 1.3× their power.
369,185,"Wenn ein Pokémon mit dieser Fähigkeit eine Attacke einsetzt die Schaden verursacht, trifft die Attacke ein zweites Mal, wobei der zweite Schlag nur mit halber Stärke ausgeführt wird.",de,"Lässt den Träger bei Attacken die Schaden verursachen ein zweites mal treffen, wobei der 2. Treffer nur halbe Stärke hat."
375,185,Lets the bearer hit twice with damaging moves.  The second hit has half power.,en,Lets the bearer hit twice with damaging moves.  The second hit has half power.
368,186,"Alle dark Attacken von allen Pokémon sind 1,33× so stark wie sonst, solange sich ein Pokémon mit dieser Fähigkeit im Kampf befindet.",de,Verstärkt dark Attacken aller Pokémon im Kampf um 33%.
379,186,Strengthens dark moves for all friendly and opposing Pokémon.,en,Strengthens dark moves to 1.33× their power for all friendly and opposing Pokémon.
370,187,"Alle fairy Attacken von allen Pokémon sind 1,33× so stark wie sonst, solange sich ein Pokémon mit dieser Fähigkeit im Kampf befindet.",de,Verstärkt fairy Attacken aller Pokémon im Kampf um 33%.
380,187,Strengthens fairy moves for all friendly and opposing Pokémon.,en,Strengthens fairy moves to 1.33× their power for all friendly and opposing Pokémon.
374,188,"Wenn sich ein Pokémon mit dieser Fähigkeit im Kampf befindet, werden die Attacken die normalerweise durch dark aura und fairy aura verstärkt werden, stattdessen um 2/3 Basisstärke gesenkt.",de,Schwächt die von dark aura und fairy aura gestärkten Attacken.
384,188,"While this Pokémon is on the field, dark aura and fairy aura weaken moves of their respective types to 2/3 their power, rather than strengthening them.",en,Makes dark aura and fairy aura weaken moves of their respective types.
378,189,"Wenn ein Pokémon mit dieser Fähigkeit den Kampf betritt, ändert sich das weather in heftigen rain. Das weather kann weder durch Fähigkeiten wie drought noch durch Attacken wie sandstorm geändert werden und solche Attacken schlagen fehl.

Der rain hört auf, wenn das Pokémon mit dieser Fähigkeit den Kampf verlässt oder in eine hintere Position rotiert wird und kein Anderes mit derselben Fähigkeit noch im Kampf ist, wenn die Fähigkeit deaktiviert wird oder ein Pokémon mit der Fähigkeit delta stream oder desolate land den Kampf betritt. Die Wettereffekte können durch Fähigkeiten wie cloud nine aufgehoben werden.",de,Ändert beim Betreten des Kampfes das weather in heftigen rain und verhindert fire Attacken.
387,189,"When this Pokémon enters battle or gains this ability, the weather becomes heavy rain.  Heavy rain has all the properties of rain dance and also causes damaging Fire moves to fail.

Heavy rain ends when this Pokémon leaves battle or loses this ability, or when this ability is nullified.  The weather cannot otherwise be changed except by the effects of delta stream and desolate land.

air lock and cloud nine will prevent the effects of heavy rain, including allowing Fire moves to work, but will not allow the weather to be changed.",en,"Creates heavy rain, which has all the properties of Rain Dance, cannot be replaced, and causes damaging Fire moves to fail."
376,190,"Wenn ein Pokémon mit dieser Fähigkeit den Kampf betritt, ändert sich das weather in sehr starkes Sonnenlicht. Das weather kann weder durch Fähigkeiten wie drizzle noch durch Attacken wie sandstorm geändert werden und solche Attacken schlagen fehl.

Der starke Sonnenschein hört auf, wenn das Pokémon mit dieser Fähigkeit den Kampf verlässt oder in eine hintere Position rotiert wird und kein Anderes mit derselben Fähigkeit noch im Kampf ist, wenn die Fähigkeit deaktiviert wird oder ein Pokémon mit der Fähigkeit delta stream oder primordial sea den Kampf betritt. Die Wettereffekte können durch Fähigkeiten wie air lock aufgehoben werden.",de,Ändert beim Betreten des Kampfes das weather in sehr starkes Sonnenlicht und verhindert water Attacken.
386,190,"When this Pokémon enters battle or gains this ability, the weather becomes extremely harsh sunlight.  Extremely harsh sunlight has all the properties of sunny day and also causes damaging Water moves to fail.

Extremely harsh sunlight ends when this Pokémon leaves battle or loses this ability, or when this ability is nullified.  The weather cannot otherwise be changed except by the effects of delta stream and primordial sea.

air lock and cloud nine will prevent the effects of extremely harsh sunlight, including allowing Water moves to work, but will not allow the weather to be changed.",en,"Creates extremely harsh sunlight, which has all the properties of Sunny Day, cannot be replaced, and causes damaging Water moves to fail."
377,191,"Wenn ein Pokémon mit dieser Fähigkeit den Kampf betritt, ändert sich das weather in starke Windströmungen. Während das Wetter aktiv ist, werden alle Typenvorteile gegenüber flying aufgehoben. Das heißt, das z.B. rock gegen ein flying Pokémon nur normalen Schaden anrichten. Die Effektivität gegen einen eventuellen Zweittyp wird nicht verändert.

Das weather kann weder durch Fähigkeiten wie drizzle noch durch Attacken wie sandstorm geändert werden und solche Attacken schlagen fehl.

Die Windströmungen hören auf, wenn das Pokémon mit dieser Fähigkeit den Kampf verlässt oder in eine hintere Position rotiert wird und kein Anderes mit derselben Fähigkeit noch im Kampf ist, wenn die Fähigkeit deaktiviert wird oder ein Pokémon mit der Fähigkeit delta stream oder primordial sea den Kampf betritt. Die Wettereffekte können durch Fähigkeiten wie air lock aufgehoben werden.",de,Ändert beim Betreten des Kampfes das weather in Windströmungen und hebt Typenvorteile gegenüber flying Attacken auf.
385,191,"When this Pokémon enters battle or gains this ability, the weather becomes a mysterious air current.  A mysterious air current causes moves to not be super effective against Flying; they do neutral damage instead.  anticipation and stealth rock are not affected.

The mysterious air current ends when this Pokémon leaves battle or loses this ability, or when this ability is nullified.  The weather cannot otherwise be changed except by the effects of desolate land and primordial sea.

air lock and cloud nine will prevent the effect of a mysterious air current, but will not allow the weather to be changed.",en,"Creates a mysterious air current, which cannot be replaced and causes moves to never be super effective against Flying Pokémon."
382,192,Raises this Pokémon's Defense by one stage when it takes damage from a move.,en,Raises this Pokémon's Defense by one stage when it takes damage from a move.
381,193,"After this Pokémon is hit by a move, if that move caused this Pokémon's HP to drop below half, it switches out.",en,This Pokémon automatically switches out when its HP drops below half.
383,194,"After this Pokémon is hit by a move, if that move caused this Pokémon's HP to drop below half, it switches out.",en,This Pokémon automatically switches out when its HP drops below half.
388,195,Raises this Pokémon's Defense by two stages when it's hit by a Water move.,en,Raises this Pokémon's Defense by two stages when it's hit by a Water move.
389,196,This Pokémon's moves critical hit against poisoned targets.,en,This Pokémon's moves critical hit against poisoned targets.
390,197,"When this Pokémon enters battle and at the end of each turn, if its HP is 50% or above, it changes into Meteor Form; otherwise, it changes into Core Form.  In Meteor Form, it cannot be given a major status ailment (though existing ones are not cured), cannot become drowsy from yawn, and cannot use rest (which will simply fail).

This ability cannot be copied, replaced, or nullified.  This ability only takes effect for Minior.",en,Transforms this Minior between Core Form and Meteor Form.  Prevents major status ailments and drowsiness while in Meteor Form.
391,198,This Pokémon's moves have double power against Pokémon that switched in this turn.,en,This Pokémon's moves have double power against Pokémon that switched in this turn.
392,199,"When this Pokémon is hit by a Fire move, the damage is halved.  When this Pokémon uses a Water move, the power is doubled. This Pokémon cannot be burned, and if it becomes burned, the burn is immediately cured.",en,"Halves damage from Fire moves, doubles damage of Water moves, and prevents burns."
393,200,This Pokémon's Steel moves have 1.5× power.,en,This Pokémon's Steel moves have 1.5× power.
